model,accuracy,precision_macro,recall_macro,f1_macro
SVM,0.910000,0.924952,0.910000,0.910072
SGD,0.910000,0.918427,0.910000,0.911073
RandomForest,0.900000,0.905595,0.900000,0.899188
HistGradientBoosting+PCA,0.890000,0.910317,0.890000,0.890222
CNN,0.900000,0.910672,0.900000,0.900554
